source,company,tel,url
ハロワ,株式会社ウイング,027-386-3120,https://www.hellowork.go.jp/servicef/130050.do?screenId=130050&action=commonDetailInfo&kyujinNumber1=10020&kyujinNumber2=%0A07652081&kyushokuUmuHidden=2&kyushokuNumber1Hidden=&kyushokuNumber2Hidden=
ハロワ,ロンシャン・ジャパン株式会社,03-3478-1738,https://www.hellowork.go.jp/servicef/130050.do?screenId=130050&action=commonDetailInfo&kyujinNumber1=13070&kyujinNumber2=%0A31712481&kyushokuUmuHidden=2&kyushokuNumber1Hidden=&kyushokuNumber2Hidden=
ハロワ,株式会社イーウェル,03-3511-1948,https://www.hellowork.go.jp/servicef/130050.do?screenId=130050&action=commonDetailInfo&kyujinNumber1=13010&kyujinNumber2=%0A31200681&kyushokuUmuHidden=2&kyushokuNumber1Hidden=&kyushokuNumber2Hidden=
ハロワ,コンピューター・システム・エコー株式会社,03-3981-6967,https://www.hellowork.go.jp/servicef/130050.do?screenId=130050&action=commonDetailInfo&kyujinNumber1=13090&kyujinNumber2=%0A19604681&kyushokuUmuHidden=2&kyushokuNumber1Hidden=&kyushokuNumber2Hidden=
ハロワ,株式会社三鈴,03-5434-8103,https://www.hellowork.go.jp/servicef/130050.do?screenId=130050&action=commonDetailInfo&kyujinNumber1=13040&kyujinNumber2=%0A46753081&kyushokuUmuHidden=2&kyushokuNumber1Hidden=&kyushokuNumber2Hidden=
ハロワ,株式会社キャリアイノベーション,03-5688-3811,https://www.hellowork.go.jp/servicef/130050.do?screenId=130050&action=commonDetailInfo&kyujinNumber1=13030&kyujinNumber2=%0A06778581&kyushokuUmuHidden=2&kyushokuNumber1Hidden=&kyushokuNumber2Hidden=
ハロワ,株式会社ユナイテッドアローズ,03-6833-6018,https://www.hellowork.go.jp/servicef/130050.do?screenId=130050&action=commonDetailInfo&kyujinNumber1=13040&kyujinNumber2=%0A30922181&kyushokuUmuHidden=2&kyushokuNumber1Hidden=&kyushokuNumber2Hidden=
ハロワ,株式会社　東興電機製作所,0422-55-5055,https://www.hellowork.go.jp/servicef/130050.do?screenId=130050&action=commonDetailInfo&kyujinNumber1=13170&kyujinNumber2=%0A19573481&kyushokuUmuHidden=2&kyushokuNumber1Hidden=&kyushokuNumber2Hidden=
ハロワ,株式会社エイシル,043-216-2664,https://www.hellowork.go.jp/servicef/130050.do?screenId=130050&action=commonDetailInfo&kyujinNumber1=12010&kyujinNumber2=%0A12088381&kyushokuUmuHidden=2&kyushokuNumber1Hidden=&kyushokuNumber2Hidden=
ハロワ,シーデーシー情報システム株式会社,043-224-3021,https://www.hellowork.go.jp/servicef/130050.do?screenId=130050&action=commonDetailInfo&kyujinNumber1=12010&kyujinNumber2=%0A10362281&kyushokuUmuHidden=2&kyushokuNumber1Hidden=&kyushokuNumber2Hidden=
ハロワ,株式会社スリーエス,043-234-4608,https://www.hellowork.go.jp/servicef/130050.do?screenId=130050&action=commonDetailInfo&kyujinNumber1=12010&kyujinNumber2=%0A11133981&kyushokuUmuHidden=2&kyushokuNumber1Hidden=&kyushokuNumber2Hidden=
ハロワ,株式会社扶堂ネットワークセキュリティ,043-296-8793,https://www.hellowork.go.jp/servicef/130050.do?screenId=130050&action=commonDetailInfo&kyujinNumber1=12010&kyujinNumber2=%0A12786281&kyushokuUmuHidden=2&kyushokuNumber1Hidden=&kyushokuNumber2Hidden=
ハロワ,株式会社イーエスケイ,0438-40-5290,https://www.hellowork.go.jp/servicef/130050.do?screenId=130050&action=commonDetailInfo&kyujinNumber1=12050&kyujinNumber2=%0A03001981&kyushokuUmuHidden=2&kyushokuNumber1Hidden=&kyushokuNumber2Hidden=
ハロワ,エース株式会社,047-320-3133,https://www.hellowork.go.jp/servicef/130050.do?screenId=130050&action=commonDetailInfo&kyujinNumber1=12020&kyujinNumber2=%0A03268781&kyushokuUmuHidden=2&kyushokuNumber1Hidden=&kyushokuNumber2Hidden=
ハロワ,株式会社グローアップ,047-401-3858,https://www.hellowork.go.jp/servicef/130050.do?screenId=130050&action=commonDetailInfo&kyujinNumber1=12090&kyujinNumber2=%0A07200881&kyushokuUmuHidden=2&kyushokuNumber1Hidden=&kyushokuNumber2Hidden=
ハロワ,住商グローバル・ロジスティクス株式会社,047-455-1100,https://www.hellowork.go.jp/servicef/130050.do?screenId=130050&action=commonDetailInfo&kyujinNumber1=13010&kyujinNumber2=%0A36090981&kyushokuUmuHidden=2&kyushokuNumber1Hidden=&kyushokuNumber2Hidden=
ハロワ,株式会社アスカ,047-490-9167,https://www.hellowork.go.jp/servicef/130050.do?screenId=130050&action=commonDetailInfo&kyujinNumber1=12090&kyujinNumber2=%0A08280081&kyushokuUmuHidden=2&kyushokuNumber1Hidden=&kyushokuNumber2Hidden=
